{"version":1,"lastPerfBoundaries":[0.001,0.002,0.004,0.006,0.008,0.01,0.015,0.02,0.03,0.05,0.07,0.1,0.15,0.25,"+Inf"],"log":[{"ts":1723001730710,"type":"svBoot","duration":5},{"ts":1723001780066,"type":"data","players":0,"fxsMemory":343.18,"nodeMemory":35.9600000000064,"perf":{"svSync":{"count":6551,"sum":0.06800000000000005,"buckets":[6551,0,0,0,0,0,0,0,0,0,0,0,0,0,0]},"svNetwork":{"count":5262,"sum":0.111,"buckets":[5261,0,1,0,0,0,0,0,0,0,0,0,0,0,0]},"svMain":{"count":956,"sum":1.772999999999978,"buckets":[937,8,3,0,0,0,1,2,0,0,0,1,1,1,2]}}},{"ts":1723002080231,"type":"data","players":2,"fxsMemory":481.47,"nodeMemory":36.66000000000349,"perf":{"svSync":{"count":37113,"sum":4.795999999999952,"buckets":[36784,213,85,22,7,2,0,0,0,0,0,0,0,0,0]},"svNetwork":{"count":29821,"sum":2.246999999999852,"buckets":[29810,7,4,0,0,0,0,0,0,0,0,0,0,0,0]},"svMain":{"count":5964,"sum":2.3949999999998304,"buckets":[5870,56,28,5,1,1,0,2,1,0,0,0,0,0,0]}}},{"ts":1723002380392,"type":"data","players":2,"fxsMemory":527.15,"nodeMemory":36.929999999993015,"perf":{"svSync":{"count":37068,"sum":6.304999999999388,"buckets":[36718,214,97,34,4,1,0,0,0,0,0,0,0,0,0]},"svNetwork":{"count":29819,"sum":2.370000000000064,"buckets":[29809,3,7,0,0,0,0,0,0,0,0,0,0,0,0]},"svMain":{"count":5956,"sum":2.263000000000658,"buckets":[5873,55,22,2,1,0,2,0,0,1,0,0,0,0,0]}}}]}